Incident Number,Event_ID
INC8561930948,ad738042-779d-4afb-9c46-912947c38b40
INC2195720947,6f8551c8-8324-4e0a-8f47-795b3e54ed37
INC4404837392,73572ad4-3d42-45d2-8f0c-17b3da707d5b
INC3050095577,f39c2c86-7dbb-4073-ac26-33c9024b42c6
INC6812963311,f4bb0a14-5847-4892-abfe-ce7cea9b622b
INC2841088078,1cb08ad7-b2be-4d28-b479-e014eb23a88b
INC1861386609,a3a2020d-8bed-4c71-b4bd-baa30c48512b
INC6115343713,0f58767e-a851-48fa-8cd3-3c05af562674
INC5693191914,55957743-1c91-44bd-9c1d-4eabd15f9142
INC3783028549,4d3aa4bf-82fd-43ec-b46f-d54feac4ec7d